Role,Product,Name,Country,Phone,Website,E-mail 1,E-mail 2,Last Contact,Status,WA Availability
Exporter,ID Cashew,CV UNIVERSAL VINDO COCO,Indonesia,+62 895-3981-14441,https://www.vindococo.com/,,,,Lead,Available
Exporter,ID Cashew,PT SURYA TERBIT KAKAO INTERNASIONAL,Indonesia,+62 812-1734-577,https://www.stkakao.com/,info@stkakao.com,stkikakao@gmail.com,,Lead,Available
Exporter,ID Cashew,KIRANA GLOBAL SAMUDERA,Indonesia,+62 21 65311389,https://www.samudera.id/,,,,Lead,Not Available
Exporter,ID Cashew,CAHAYA TIMUR INDONESIA,Indonesia,,https://www.ptcahayatimur.com/,,,,Lead,
Exporter,ID Cashew,PT YUNA AMAN NIAGA,Indonesia,+62 21 56958891,https://www.primergrp.com/territory/indonesia,careers@primergrp.com,corporatesales.ph@primergrp.com,,Lead,Not Available
Exporter,ID Cashew,PT PAN GLOBAL RESOURCES,Canada,+1 778-372-7101,https://www.panglobalresources.com/,investors@panglobalresources.com,,,Lead,Not Available
Exporter,ID Cashew,KASIH KARUNIA ABADI,Indonesia,,https://www.karuniakasihabadi.com/,kka@indo.net.id,,,Lead,
Exporter,ID Cashew,LAM HONG,Poland,+48 12 417 37 13,https://www.barlamhong.pl/,844eecb5a0da4da99b3918516f5a379d@app.getsentry.com,,,Lead,Not Available
Exporter,ID Cashew,PT WORLDBRIDGE INDO JAYA,Indonesia,+62 811-3508-475,https://worldbridgeindojaya.com/,info@worldbridgeindojaya.com,,,Lead,Available
Exporter,ID Cashew,ROMORA TRANSINDO,United States,+1 909-627-2599,https://transindousa.com/,,,,Lead,Not Available
Exporter,ID Cashew,CV NAVIL NATURAL,Indonesia,,https://navilnatural.com/,info@navilnatural.com,sales@navilnatural.com,,Lead,
Exporter,ID Cashew,PT MITRA AGRO GLOBAL,Indonesia,,https://mitraagroglobal.com/,marketing@mitraagoglobal.com,,,Lead,
Exporter,ID Cashew,PT SINGAPUTRA AGRO COMMODITIES,Indonesia,+62 812-6036-8127,https://indoagrico.com/,admin@indoagrico.com,agropalm@yahoo.com,,Lead,Available
Exporter,ID Cashew,PT GLOBAL INDO KUSUMA,Indonesia,,https://iglobe.id/,,,,Lead,
Exporter,ID Cashew,CV GREEN STAR,United States,+1 619-489-9020,https://greenstarlabs.net/,nowinfo@greenstarlabs.net,info@greenstarlabs.net,,Lead,Not Available
Exporter,ID Cashew,PT DEWI SEMESTA DIRGANTARA,Indonesia,+62 812-8651-6293,https://bit.ly/3FL5Dd6,me@jonathanmacdonald.com,,,Lead,Available
Exporter,ID Cashew,PT TAVISHA MULTIRASA NUSANTARA,Indonesia,,http://yoshinoya.co.id/,,,,Lead,
Exporter,ID Cashew,TOTAL HARVEST CEMERLANG,Indonesia,+62 21 8251202,http://www.totalharvest.co.id/,enquiry@totalharvest.co.id,,,Lead,Not Available
Exporter,ID Cashew,PT SUTRACO NUSANTARA MEGAH,Indonesia,+62 31 99009059,http://www.sutraco.com/,,,,Lead,Not Available
Exporter,ID Cashew,SUPA SURYA NIAGA,Indonesia,+62 31 8014648,http://www.supasurya.com/,info@supasurya.com,,,Lead,Not Available
Exporter,ID Cashew,PT SAMUDERA TANGGUH BERKAH BERSAMA,Indonesia,+62 822-1018-7013,http://www.samuderatangguhabadi.com/,marketing@samuderatangguhabadi.com,,,Lead,Available
Exporter,ID Cashew,PT CHANDRA ADI SENTOSA,Indonesia,+62 21 5665352,http://www.ptkas.com/,it@ptkas.com,,,Lead,Not Available
Exporter,ID Cashew,PHOENIX INTERNATIONAL,United States,,http://www.phoenixintl.com/,,,,Lead,
Exporter,ID Cashew,MULTI TRADING SUPLAYER,Nepal,+977 981-8157859,http://www.multitradingnepal.com/,info@multitradingnepal.com,,,Lead,Available
Exporter,ID Cashew,PT MITRA PETANI INDONESIA,Indonesia,+62 811-104-181,http://www.mitrapetaniindonesia.com/,mitrapetani.indo@gmail.com,mpi@mitrapetaniindonesia.com,,Lead,Not Available
Exporter,ID Cashew,PT LOGIGATE GLOBAL INDONESIA,Indonesia,+62 812-9190-1700,http://www.logigateglobal.com/,info@logigateglobal.com,indonesia@logigateglobal.com,,Lead,Available
Exporter,ID Cashew,KURNIA FAJAR SEJAHTERA,Indonesia,+62 21 35761618,http://www.kfb.co.id/,,,,Lead,Not Available
Exporter,ID Cashew,JAVA METE INDONESIA,Indonesia,,http://www.javameteindonesia.com/,ptjavameteindonesia@gmail.com,,,Lead,
Exporter,ID Cashew,LAUTAN INTI ABADI,Indonesia,+62 343 655999,http://www.intanseafood.com/,info@intanseafood.com,,,Lead,Not Available
Exporter,ID Cashew,GEMILANG NUSANTARA,Indonesia,+62 21 4357475,http://www.gemilangnusantara.co.id/,marketing@gemilangnusantara.co.id,cs@gemilangnusantara.co.id,,Lead,Not Available
Exporter,ID Cashew,COMEXTRA MAJORA,Indonesia,+62 411 510051,http://www.comextra.com/,comextra@comextra.com,,,Lead,Not Available
Exporter,ID Cashew,PT BUMI TANI HARMONI,Indonesia,+62 21 75900023,http://www.bhi.co.id/,bumiharmoni@bhi.co.id,info@bumiharmoni.com,,Lead,Not Available
Exporter,ID Cashew,ARTISAN VII,Indonesia,+62 21 29631686,http://www.artisanvii.com/,sales@artisanvii.com,artisanviifurniture@gmail.com,,Lead,Not Available
Exporter,ID Cashew,ASIA AGRO INTERNASIONAL,India,+91 92545 00008,http://www.agroseedgrader.com/,agroasianindustries@gmail.com,agroasian@hotmail.com,,Lead,Available
Exporter,ID Cashew,PT SURYA INDO SINGA,Indonesia,+62 811-2226-588,http://suryaindosinga.co/,,,,Lead,Available
Exporter,ID Cashew,BLOOM AGRO,Indonesia,+62 811-126-889,http://sunria.com/,,,,Lead,Not Available
Exporter,ID Cashew,CV SINAR AGRI JAYA,Indonesia,+62 817-196-988,http://sjag.co.id/,,,,Lead,Not Available
Exporter,ID Cashew,CV MAHA KARYA TRADING,Indonesia,+62 233 511390,http://rattanmahakarya.com/,,,,Lead,Not Available
Exporter,ID Cashew,RAJDULAR BROTHERS,Indonesia,+62 822-6897-0438,http://rajdularbrothers.com/,,,,Lead,Available
Exporter,ID Cashew,NIMRA INTERNATIONAL,Indonesia,+62 31 7497410,http://nimrainternational.com/,nimra0004@gmail.com,,,Lead,Not Available
Exporter,ID Cashew,PT TRITON NUSANTARA TANGGUH,Indonesia,+62 21 21387185,http://misterexportir.com/,,,,Lead,Not Available
Exporter,ID Cashew,PT TERRA LEGNA INTERNATIONAL,United States,+1 970-481-6952,http://lignaterra.com/,,,,Lead,Available
Exporter,ID Cashew,CV LAUTAN BERKAH,Indonesia,+62 24 6926910,http://lautanberkah.com/,shanti@cvlb.co.id,,,Lead,Not Available
Exporter,ID Cashew,CHAYA HANTARAN NUSANTARA,Indonesia,+62 21 42882727,http://hantaran.co.id/,info@hantaran.co.id,admin@hantaran.co.id,,Lead,Not Available
Exporter,ID Cashew,PT GLOBAL VISION IMPEX,Indonesia,+62 21 87953730,http://gvi.co.id/,info@gvi.co.id,,,Lead,Not Available
Exporter,ID Cashew,GENERAL ENGGINEER,India,+91 94141 73000,http://generalindia.in/,,,,Lead,Not Available
Exporter,ID Cashew,PERMATA BERKAH,Indonesia,+62 896-0300-6371,http://berkahpermatalogistik.com/,,,,Lead,Not Available
Exporter,ID Cashew,PT UPAYA EXPORT,Indonesia,+62 21 38820025,http://ayawapersadaindonesia.co.id/,info@ayawapersadaindonesia.co.id,import.ayawa@gmail.com,,Lead,Not Available
Exporter,ID Cashew,CV AR SAKHA DWIPA,Indonesia,+62 857-2714-7127,http://arsakha.co.id/,,,,Lead,Available
Exporter,ID Cashew,AGRO USAHA TAMA,Indonesia,+62 411 553594,http://agrousahatama.com/,,,,Lead,Not Available
Exporter,ID Cashew,CV AGRO MEGA,Indonesia,+62 31 3890233,http://agromegacv.com/,agromegacv@gmail.com,,,Lead,Not Available
Exporter,ID Cashew,DUA BERSAUDARA ABADI,,,,,,,Lead,
Exporter,ID Cashew,LINTAS DUA SAMUDERA,Indonesia,,,,,,Lead,
Exporter,ID Cashew,PT ESA ABADI PRIMA,Indonesia,,,,,,Lead,
Exporter,ID Cashew,RIKSA GLOBAL BUSINESS,Indonesia,,,,,,Lead,
Exporter,ID Cashew,CV DAKSA WIRATAMA SAMUDRA,,,,,,,Lead,
Exporter,ID Cashew,ASIAN AGRO COMMODITIES,Indonesia,,,,,,Lead,
Exporter,ID Cashew,MAXIM AGRO INDOVIET,,,,,,,Lead,
Exporter,ID Cashew,CV GANESHA MULTI LINTAS,,,,,,,Lead,
Exporter,ID Cashew,CV SUMBA SUBUR,Indonesia,,,,,,Lead,
Exporter,ID Cashew,PT SRI ZENITH INTERNATIONAL,,,,,,,Lead,
Exporter,ID Cashew,PT LIWU MOKESA BARAKATI,,,,,,,Lead,
Exporter,ID Cashew,CV EMRAN ABADI,,,,,,,Lead,
Exporter,ID Cashew,MEGA QUEENIE,,,,,,,Lead,
Exporter,ID Cashew,CV TRI GUNA JAYA,Indonesia,,,,,,Lead,
Exporter,ID Cashew,PT AJI SAETAGUNA GEMILANG,,,,,,,Lead,
Exporter,ID Cashew,YUNA AMAN NIAGA,,,,,,,Lead,
Exporter,ID Cashew,PT VJ J INTERNASIONAL,Indonesia,,,,,,Lead,
Exporter,ID Cashew,BUMI TANI HARMONI,Indonesia,,,,,,Lead,
Exporter,ID Cashew,CV GLOBAL INDO AGRO,Indonesia,,,,,,Lead,
Exporter,ID Cashew,PT USAHA KARYA MAKMUR,Indonesia,,,,,,Lead,
Exporter,ID Cashew,CV SAHABAT TRADING,Indonesia,,,,,,Lead,
Exporter,ID Cashew,ADHIKARI JAYA PRAKASA,Indonesia,,,,,,Lead,
Exporter,ID Cashew,HELENA BUMI ARTA,Indonesia,,,,,,Lead,
Exporter,ID Cashew,CV ROAITA SEMESTA KOMODITAS,,,,,,,Lead,
Exporter,ID Cashew,FLORINDO SELARAS KARYA,,,,,,,Lead,
Exporter,ID Cashew,PT GANESHA IMPEX,India,,,,,,Lead,
Exporter,ID Cashew,BANTENG AGRO MAS,Indonesia,,,,,,Lead,
Exporter,ID Cashew,MAS MEWAH,,,,,,,Lead,
Exporter,ID Cashew,SUMBA SUBUR,Indonesia,,,,,,Lead,
Exporter,ID Cashew,CV VIRIYA SAMPADA,,,,,,,Lead,
Exporter,ID Cashew,CV ADHIKARI JAYA PERKASA,,,,,,,Lead,
Exporter,ID Cashew,PT MIRACLEINDO KOMODITI MAKMUR,Indonesia,,,,,,Lead,
Exporter,ID Cashew,MITRA PUTRA KEMBAR ALFA,,,,,,,Lead,
Exporter,ID Cashew,BRIGHT IMPEX,India,,,,,,Lead,
Exporter,ID Cashew,CV CAHAYA TIMUR INDONESIA,Indonesia,,,,,,Lead,
Exporter,ID Cashew,CV LAM HONG,Indonesia,,,,,,Lead,
Exporter,ID Cashew,PT BERLIAN KAYU ABADI,Indonesia,,,,,,Lead,
Exporter,ID Cashew,USAHA KARYA MAKMUR,Indonesia,,,,,,Lead,
Exporter,ID Cashew,NIMBARK INTERNATIONAL,India,,,,,,Lead,
Exporter,ID Cashew,SINERGI PELANGI MANDIRI,Indonesia,,,,,,Lead,
Exporter,ID Cashew,GANESHA IMPEX,India,,,,,,Lead,
Exporter,ID Cashew,CV NIAR ABDI MANDALA,,,,,,,Lead,
Exporter,ID Cashew,CV LENTERA KARYA SAMUDERA,Indonesia,,,,,,Lead,
Exporter,ID Cashew,SINERGI SINAR MENTARI,Indonesia,,,,,,Lead,
Exporter,ID Cashew,JAGOI TRADING MANDIRI,Indonesia,,,,,,Lead,
Exporter,ID Cashew,MUTIARA JAYA ABADI,Indonesia,,,,,,Lead,
Exporter,ID Cashew,ARTA NIAGA,Indonesia,,,,,,Lead,
Exporter,ID Cashew,REJEKI MENGALIR,Indonesia,,,,,,Lead,
Exporter,ID Cashew,UNKNOWN,India,,,,,,Lead,
Exporter,ID Cashew,SUMBER JAYA,Indonesia,,,,,,Lead,
Exporter,ID Cashew,INDO SIVA SAKTI GENERAL TRADING,Indonesia,,,,,,Lead,
Exporter,ID Cashew,MIRACLE INDO AGRO,Indonesia,,,,,,Lead,
Exporter,ID Cashew,JAGATHREEJATRA,India,,,,,,Lead,
Exporter,ID Cashew,MIRACLEINDO KOMODITI MAKMUR,Indonesia,,,,,,Lead,
Exporter,ID Cashew,VIRIYA SAMPADA,,,,,,,Lead,
Exporter,ID Cashew,ARUNG RAYA SEMESTA,,,,,,,Lead,
Exporter,ID Cashew,KOTA MAKMUR,Indonesia,,,,,,Lead,
Exporter,ID Cashew,ANDALAN SHAKTI SAMPADA,,,,,,,Lead,
Exporter,ID Cashew,SUNSHINE COMMODITIES INDONESIA,Indonesia,,,,,,Lead,
Exporter,ID Cashew,TIGA PUTRA,Indonesia,+62 811-3004-494,,,,,Lead,Available
Exporter,ID Cashew,CV BUANA NAGATA ADIGUNA,Indonesia,,,,,,Lead,
Exporter,ID Cashew,CV PUTRA BERKAH JAYA ABADI,Indonesia,,,,,,Lead,
Exporter,ID Cashew,KARYA ESA ABADI,Indonesia,+62 812-8384-8733,,,,,Lead,Available
Exporter,ID Cashew,INDO AGROFORESTRY,Indonesia,+62 812-8439-9597,,,,,Lead,Available
Exporter,ID Cashew,DELTA LOGAM MULIA,Indonesia,+62 812-9098-0811,,,,,Lead,Not Available
Exporter,ID Cashew,MERAKI AGRO INDONESIA,Indonesia,+62 812-9334-8563,,,,,Lead,Available
Exporter,ID Cashew,INDO REMPAH COMMODITIES,Indonesia,+62 812-9369-9611,,,,,Lead,Available
Exporter,ID Cashew,BRACHA JURRA ABADI,Indonesia,+62 813-3140-0693,,,,,Lead,Available
Exporter,ID Cashew,FAEYZA LESTARI,Indonesia,+62 813-4499-9427,,,,,Lead,Available
Exporter,ID Cashew,SVARGA BALI,Indonesia,+62 819-1677-6370,,,,,Lead,Available
Exporter,ID Cashew,KHARISMA MITRA DJAYA MANDIRI,Indonesia,+62 821-1714-3262,,,,,Lead,Available
Exporter,ID Cashew,MULTI REMPAH SULAWESI,Indonesia,+62 821-9441-3102,,,,,Lead,Not Available
Exporter,ID Cashew,PT GANESHA AGRO PRODUCT INDONESIA,Indonesia,+62 822-3063-2700,,,,,Lead,Available
Exporter,ID Cashew,PT NATURE PRIME INDONESIA,Indonesia,+62 822-9757-9817,,,,,Lead,Available
Exporter,ID Cashew,TIRTA ANUGRAH ABADI,Indonesia,+62 822-9898-3090,,,,,Lead,Available
Exporter,ID Cashew,SPICES COMMODITY SURABAYA,Indonesia,+62 823-3665-9810,,,,,Lead,Available
Exporter,ID Cashew,JAYA LESTARI,Indonesia,+62 831-2439-2538,,,,,Lead,Available
Exporter,ID Cashew,TRI PUTRA AGRO HARMONIS,Indonesia,+62 852-5383-3788,,,,,Lead,Not Available
Exporter,ID Cashew,ADIWANDY HANANIA MANDIRI,Indonesia,+62 852-5600-0063,,,,,Lead,Available
Exporter,ID Cashew,MUARA SUBUR AGRO,Indonesia,+62 853-2900-0037,,,,,Lead,Available
Exporter,ID Cashew,ALFIAN PUTRA JAYA,Indonesia,+62 856-4383-2321,,,,,Lead,Available
Exporter,ID Cashew,PT PARACHA IMPEX,Indonesia,+62 856-7235-230,,,,,Lead,Available
Exporter,ID Cashew,CV ADHIKARI JAYA PRAKASA,Indonesia,+62 857-0000-0511,,,,,Lead,Available
Exporter,ID Cashew,SENTOSA JAYA PROPERTI,Indonesia,+62 857-3312-2580,,,,,Lead,Available
Exporter,ID Cashew,SUMBER BERKAH TRADING,Indonesia,+62 857-7469-1138,,,,,Lead,Available
Exporter,ID Cashew,INDOCOTTON IHTIAR PRATAMA,Indonesia,+62 877-2250-3381,,,,,Lead,Available
Exporter,ID Cashew,PUTRA SAMUDRA,Indonesia,+62 877-5899-1433,,,,,Lead,Available
Exporter,ID Cashew,CV SVARGA BALI,Indonesia,+62 896-5034-1188,,,,,Lead,Available
Exporter,ID Cashew,AGRO MEGA,India,+91 97591 12003,,,,,Lead,Available
Exporter,ID Cashew,BIOLA JAYA,Indonesia,+62 812-6044-850,,,,,Lead,Available
Exporter,ID Cashew,PT SAPTO TUNGGAL BERKAH BERSAMA,Indonesia,+62 812-3454-8200,,,,,Lead,Available
Exporter,ID Cashew,ARYASATYA MAKMUR LESTARI,Indonesia,+62 812-3394-00000,,,,,Lead,Not Available
Exporter,ID Cashew,PRAVA INTERNATIONAL,Indonesia,+62 21 8564145,,,,,Lead,Not Available
Exporter,ID Cashew,SANBUANA MAKMUR PRODUCTION,Indonesia,,,,,,Lead,
Exporter,ID Cashew,CV SINAR BINTANG GEMILANG,Indonesia,,,,,,Lead,
Exporter,ID Cashew,PT SUNSHINE COMMODITIES INDONESIA,Indonesia,,,,,,Lead,
Exporter,ID Cashew,EAST INDO FAIR TRADING,Indonesia,,,,,,Lead,
Exporter,ID Cashew,PINE INTERNATIONAL,United States,+1 281-851-9500,,,,,Lead,Not Available
Exporter,ID Cashew,PT CITRA AGRI PERSADA,Indonesia,+62 21 22644112,,,,,Lead,Not Available
Exporter,ID Cashew,SKYPAK INTERNATIONAL,Indonesia,+62 21 2520818,,,,,Lead,Not Available
Exporter,ID Cashew,PT BNK AGRO IMPEX,Indonesia,+62 21 29035123,,,,,Lead,Not Available
Exporter,ID Cashew,PT GLOBALINDO JAYA MAJU SUKSES,Indonesia,+62 21 3152475,,,,,Lead,Not Available
Exporter,ID Cashew,INDO VINA SEJAHTERA,Indonesia,+62 21 55414396,,,,,Lead,Not Available
Exporter,ID Cashew,PT GLOBAL RELIANCE IMPEX,Indonesia,+62 21 6501348,,,,,Lead,Not Available
Exporter,ID Cashew,PT MAYORA INDAH TBK,Indonesia,+62 21 80637704,,,,,Lead,Not Available
Exporter,ID Cashew,PT RAMADHIKA JAYA MANDIRI,Indonesia,+62 24 6733015,,,,,Lead,Not Available
Exporter,ID Cashew,CV JAWA ALAM SEMESTA,Indonesia,+62 812-3034-0199,,,,,Lead,Available
Exporter,ID Cashew,CV PRATAMA ABADI SANTOSA,Indonesia,+62 283 4531445,,,,,Lead,Not Available
Exporter,ID Cashew,CV KARUNIA JAYA SEJAHTERA,Indonesia,+62 31 5926107,,,,,Lead,Not Available
Exporter,ID Cashew,BUANA TUNAS SEGARA SUBUR,Indonesia,+62 31 7480037,,,,,Lead,Not Available
Exporter,ID Cashew,MUARA SUBUR GENERAL TRADING AND SERVICES,Indonesia,+62 31 77411067,,,,,Lead,Not Available
Exporter,ID Cashew,RAABHI AGROCHEM INTERNATIONAL,Indonesia,+62 31 99053664,,,,,Lead,Not Available
Exporter,ID Cashew,HASIL BUMI NEGERI,Indonesia,+62 31 99717126,,,,,Lead,Not Available
Exporter,ID Cashew,UD SUMBER JAYA,Indonesia,+62 341 450124,,,,,Lead,Not Available
Exporter,ID Cashew,PHONIX MAS PERSADA,Indonesia,+62 370 622411,,,,,Lead,Not Available
Exporter,ID Cashew,PUTRA JAYA ABADI,Indonesia,+62 61 6871710,,,,,Lead,Not Available
Exporter,ID Cashew,PARSHU INDONESIA,Indonesia,+62 61 76916677,,,,,Lead,Not Available
Exporter,ID Cashew,MULTI KOMODITAS EXIM,Indonesia,+62 811-1110-313,,,,,Lead,Available
Exporter,ID Cashew,SWASTIKA AGRO TRADES,Indonesia,+62 812-1765-6782,,,,,Lead,Available
Exporter,ID Cashew,SUMBER MULYO,Indonesia,,,,,,Lead,